no,instansi,reference,status
1,"Kementerian Koordinator Bidang Politik, Hukum, dan Keamanan",Kemenko Polhukam,yes
2,"Kementerian Koordinator Bidang Politik, Hukum, dan Keamanan",Polhukam,yes
3,"Kementerian Koordinator Bidang Politik, Hukum, dan Keamanan",Koordinator Politik,no
4,"Kementerian Koordinator Bidang Politik, Hukum, dan Keamanan",Koordinator Hukum,no
1,Kementerian Koperasi dan Usaha Kecil dan Menengah,Kementerian Koperasi dan UKM,yes
2,Kementerian Koperasi dan Usaha Kecil dan Menengah,KemenkopUKM,yes
3,Kementerian Koperasi dan Usaha Kecil dan Menengah,UKM,no
4,Kementerian Koperasi dan Usaha Kecil dan Menengah,Usaha Kecil dan Menengah,no
1,Kementerian Luar Negeri,Kemlu,yes
2,Kementerian Luar Negeri,Kemlu RI,yes
3,Kementerian Luar Negeri,Luar Negeri,no
4,Kementerian Luar Negeri,Kementerian Dalam Negeri,no
1,Kementerian Badan Usaha Milik Negara,Kementerian BUMN,yes
2,Kementerian Badan Usaha Milik Negara,Kemen BUMN,yes
3,Kementerian Badan Usaha Milik Negara,BUMN,no
4,Kementerian Badan Usaha Milik Negara,Badan Usaha Milik Negara,no
1,Kementerian Pendayagunaan Aparatur Negara dan Reformasi Birokrasi (Kem PANRB),PANRB,yes
2,Kementerian Pendayagunaan Aparatur Negara dan Reformasi Birokrasi (Kem PANRB),Kemen PANRB,yes
3,Kementerian Pendayagunaan Aparatur Negara dan Reformasi Birokrasi (Kem PANRB),Aparatur Negara,no
4,Kementerian Pendayagunaan Aparatur Negara dan Reformasi Birokrasi (Kem PANRB),Aparatur Sipil Negara,no
1,Kementerian Pariwisata dan Ekonomi Kreatif,Kemenparekraf,yes
2,Kementerian Pariwisata dan Ekonomi Kreatif,Kemenparekraf RI,yes
3,Kementerian Pariwisata dan Ekonomi Kreatif,Dinas Pariwisata dan Kebudayaan Kota Bogor,no
4,Kementerian Pariwisata dan Ekonomi Kreatif,Dinas Kebudayaan dan Pariwisata Kota Bandung,no
1,Kementerian Pekerjaan Umum dan Perumahan Rakyat (PUPR),Kemen PUPR,yes
2,Kementerian Pekerjaan Umum dan Perumahan Rakyat (PUPR),Kemen PUPR RI,yes
3,Kementerian Pekerjaan Umum dan Perumahan Rakyat (PUPR),Dinas Pekerjaan Umum dan Perumahan Rakyat Pemerintah Kota Pontiakan,no
4,Kementerian Pekerjaan Umum dan Perumahan Rakyat (PUPR),Dinas Perumahan Rakyat Dan Kawasan Permukiman Provinsi Jawa Tengah,no
1,Kementerian Pemberdayaan Perempuan dan Perlindungan Anak,Kemen PPPA,yes
2,Kementerian Pemberdayaan Perempuan dan Perlindungan Anak,Kementerian PP & PA,yes
3,Kementerian Pemberdayaan Perempuan dan Perlindungan Anak,Pemberdayaan Perempuan,no
4,Kementerian Pemberdayaan Perempuan dan Perlindungan Anak,Komisi Perlindungan Anak Indonesia,no
1,Kementerian Pemuda dan Olahraga,Kemenpora,yes
2,Kementerian Pemuda dan Olahraga,Kemenpora RI,yes
3,Kementerian Pemuda dan Olahraga,Dinas Pemuda dan Olahraga Kalimantan Selatan,no
4,Kementerian Pemuda dan Olahraga,Dinas Pemuda dan Olahraga Pemerintah Kota Padang,no
1,"Kementerian Pendidikan, Kebudayaan, Riset, dan Teknologi",Kemendikbudristek,yes
2,"Kementerian Pendidikan, Kebudayaan, Riset, dan Teknologi",Kemdikbud,yes
3,"Kementerian Pendidikan, Kebudayaan, Riset, dan Teknologi",Jasa Pendidikan,no
4,"Kementerian Pendidikan, Kebudayaan, Riset, dan Teknologi",Badan Riset dan Inovasi Nasional,no
1,Kementerian Perdagangan,Kemendag,yes
2,Kementerian Perdagangan,Kemendag RI,yes
3,Kementerian Perdagangan,Perdangangan,no
4,Kementerian Perdagangan,Dinas Perindustrian dan Perdagangan Provinsi Sumatera Barat,no
1,Kementerian Perencanaan Pembangunan Nasional (PPN)/Badan Perencanaan Pembangunan Nasional (Bappenas),Kementerian PPN/Bappenas,yes
2,Kementerian Perencanaan Pembangunan Nasional (PPN)/Badan Perencanaan Pembangunan Nasional (Bappenas),Bappenas,yes
3,Kementerian Perencanaan Pembangunan Nasional (PPN)/Badan Perencanaan Pembangunan Nasional (Bappenas),"PT Bank Pembangunan Daerah Jawa Barat dan Banten, Tbk.",no
4,Kementerian Perencanaan Pembangunan Nasional (PPN)/Badan Perencanaan Pembangunan Nasional (Bappenas),Politeknik Pembangunan Pertanian Malang,no
1,Kementerian Perhubungan,Kemenhub,yes
2,Kementerian Perhubungan,Kemenhub RI,yes
3,Kementerian Perhubungan,Perhubungan,no
4,Kementerian Perhubungan,Dinas Perhubungan Kota Semarang,no
1,Kementerian Perindustrian,Kemenperin,yes
2,Kementerian Perindustrian,Kemenperin RI,yes
3,Kementerian Perindustrian,Industri,no
4,Kementerian Perindustrian,PT Perindustrian Bapak Djenggot,no
1,Kementerian Pertahanan,Kemhan,yes
2,Kementerian Pertahanan,Departemen Pertahanan,yes
3,Kementerian Pertahanan,Badan Pertahanan Nasional,no
4,Kementerian Pertahanan,Universitas Pertahanan,no
1,Kementerian Pertanian,Kementan,yes
2,Kementerian Pertanian,Kementan RI,yes
3,Kementerian Pertanian,Pertanian,no
4,Kementerian Pertanian,Institut Pertanian Bogor,no
1,Kementerian Sekretariat Negara,Kemensetneg,yes
2,Kementerian Sekretariat Negara,Setneg RI,yes
3,Kementerian Sekretariat Negara,Sekretariat Daerah,no
4,Kementerian Sekretariat Negara,Divisi Sekretarian Perusahaan,no
1,Kementerian Sosial,Kemensos,yes
2,Kementerian Sosial,Kemensos RI,yes
3,Kementerian Sosial,Badan Penyelenggara Jaminan Sosial Ketenagakerjaan,no
4,Kementerian Sosial,Badan Penyelenggara Jaminan Sosial Kesehatan (BPJS Kesehatan),no
1,Badan Pemeriksa Keuangan (BPK),BPK,yes
2,Badan Pemeriksa Keuangan (BPK),Badan Pemeriksa Keuangan,yes
3,Badan Pemeriksa Keuangan (BPK),BPKP,no
4,Badan Pemeriksa Keuangan (BPK),Kementerian Keuangan,no
1,Dewan Perwakilan Daerah (DPD),DPD,yes
2,Dewan Perwakilan Daerah (DPD),Anggota Dewan Perwakilan Daerah,yes
3,Dewan Perwakilan Daerah (DPD),Dewan Perwakilan Rakyat,no
4,Dewan Perwakilan Daerah (DPD),Dewan Perwakilan Rakyat Daerah,no
1,Dewan Perwakilan Rakyat (DPR),Anggota DPR,yes
2,Dewan Perwakilan Rakyat (DPR),Anggota Dewan Perwakilan Rakyat,yes
3,Dewan Perwakilan Rakyat (DPR),SKK Migas Perwakilan Jawa Timur,no
4,Dewan Perwakilan Rakyat (DPR),Dewan Perwakilan Daerah (DPD),no
1,Komisi Yudisial,KY,yes
2,Komisi Yudisial,Komisi Yudisial (KY),yes
3,Komisi Yudisial,Anggota DPR RI Komisi IX,no
4,Komisi Yudisial,Komisi Penyiaran Indonesia,no
1,Mahkamah Agung (MA),Mahkamah Agung,yes
2,Mahkamah Agung (MA),MA,yes
3,Mahkamah Agung (MA),Universitas Sultan Agung Tirtayasa,no
4,Mahkamah Agung (MA),Mahkamah Konstitusi,no
1,Mahkamah Konstitusi (MK),Mahkamah Konstitusi,yes
2,Mahkamah Konstitusi (MK),MK,yes
3,Mahkamah Konstitusi (MK),Mahkamah Agung,no
4,Mahkamah Konstitusi (MK),Mahkamah Internasional,no
1,Majelis Permusyawaratan Rakyat (MPR),MPR,yes
2,Majelis Permusyawaratan Rakyat (MPR),Majelis Permusyawaratan Rakyat,yes
3,Majelis Permusyawaratan Rakyat (MPR),Koordinator PMPR,no
4,Majelis Permusyawaratan Rakyat (MPR),Majelis Ulama Indonesia,no
1,Badan Informasi Geospasial (BIG),Badan Informasi Geospasial,yes
2,Badan Informasi Geospasial (BIG),BIG,yes
3,Badan Informasi Geospasial (BIG),Badan Riset and Inovasi Nasional,no
4,Badan Informasi Geospasial (BIG),Badan Tenaga Nuklir Nasional,no
1,Badan Kepegawaian Negara (BKN),Kanreg VI BKN Medan,yes
2,Badan Kepegawaian Negara (BKN),Kantor Regional XIV BKN Manokwari,yes
3,Badan Kepegawaian Negara (BKN),Badan Kepegawaian Daerah,no
4,Badan Kepegawaian Negara (BKN),Direktorat Kepegawaian,no
1,Badan Intelijen Negara (BIN),BIN,yes
2,Badan Intelijen Negara (BIN),Badan Intelijen Negara,yes
3,Badan Intelijen Negara (BIN),"PT Perusahaan Gas Negara (Persero), Tbk",no
4,Badan Intelijen Negara (BIN),Sekolah Tinggi Intelijen Negara,no
1,Badan Keamanan Laut (Bakamla),Badan Keamanan Laut,yes
2,Badan Keamanan Laut (Bakamla),Bakamla,yes
3,Badan Keamanan Laut (Bakamla),Kementerian Kelautan dan Perikanan,no
4,Badan Keamanan Laut (Bakamla),Badan Keamanan Rakyat,no
1,Badan Kependudukan Dan Keluarga Berencana Nasional (BKKBN),BKKBN,yes
2,Badan Kependudukan Dan Keluarga Berencana Nasional (BKKBN),BKKBN Provinsi Sulawesi Utara,yes
3,Badan Kependudukan Dan Keluarga Berencana Nasional (BKKBN),Bank BRI Kantor Cabang BKKBN,no
4,Badan Kependudukan Dan Keluarga Berencana Nasional (BKKBN),Keluarga Berencana,no
1,Badan Koordinasi Penanaman Modal (BKPM),Kementerian Investasi/BKPM,yes
2,Badan Koordinasi Penanaman Modal (BKPM),Kementerian Investasi,yes
3,Badan Koordinasi Penanaman Modal (BKPM),BBKPM Surakarta,no
4,Badan Koordinasi Penanaman Modal (BKPM),Dinas Penanaman Modal dan Pelayanan Terpadu Satu Pintu,no
1,Badan Meteorologi Klimatologi Dan Geofisika (BMKG),Badan Meteorologi Klimatologi Dan Geofisika,yes
2,Badan Meteorologi Klimatologi Dan Geofisika (BMKG),BMKG Papua,yes
3,Badan Meteorologi Klimatologi Dan Geofisika (BMKG),Departemen Teknik Geofisika,no
4,Badan Meteorologi Klimatologi Dan Geofisika (BMKG),Departemen Geofisika & Meteorologi,no
1,Badan Narkotika Nasional (BNN),BNN Kota Bengkulu,yes
2,Badan Narkotika Nasional (BNN),Badan Narkotika Nasional Provinsi Jawa Barat,yes
3,Badan Narkotika Nasional (BNN),Badan Search And Rescue Nasional,no
4,Badan Narkotika Nasional (BNN),Badan Nasional Sertifikasi Profesi,no
1,Badan Nasional Penanggulangan Bencana (BNPB),BNPB Provinsi Jawa Barat,yes
2,Badan Nasional Penanggulangan Bencana (BNPB),Badan Nasional Penanggulangan Bencana Provinsi Jawa Barat,yes
3,Badan Nasional Penanggulangan Bencana (BNPB),Badan Penanggulangan Bencana Daerah,no
4,Badan Nasional Penanggulangan Bencana (BNPB),Badan Penanggulangan Bencana Daerah Kabupaten Pacitan,no
1,Badan Nasional Penanggulangan Terorisme (BNPT),Badan Nasional Penanggulangan Terorisme Kabupaten Bekasi ,yes
2,Badan Nasional Penanggulangan Terorisme (BNPT),BNPT Kota Bogor,yes
3,Badan Nasional Penanggulangan Terorisme (BNPT),Badan Nasional Penanggulangan Bencana,no
4,Badan Nasional Penanggulangan Terorisme (BNPT),Badan Nasional Pengelola Perbatasan,no
1,Badan Pelindungan Pekerja Migran Indonesia,BP2MI,yes
2,Badan Pelindungan Pekerja Migran Indonesia,BP2MI Jawa Barat,yes
3,Badan Pelindungan Pekerja Migran Indonesia,Purna Pekerja Migran Indonesia,no
4,Badan Pelindungan Pekerja Migran Indonesia,Pekerja Migran Indonesia,no
1,Badan Pengawas Obat Dan Makanan (BPOM),BPOM Kabupaten Bogor,yes
2,Badan Pengawas Obat Dan Makanan (BPOM),Badan POM,yes
3,Badan Pengawas Obat Dan Makanan (BPOM),Toko Obat Inafut 1,no
4,Badan Pengawas Obat Dan Makanan (BPOM),Badan Pengawasan Keuangan dan Pembangunan,no
1,Badan Pengawas Pemilihan Umum (Bawaslu),Badan Pengawas Pemilu,yes
2,Badan Pengawas Pemilihan Umum (Bawaslu),Inspektur Utama Badan Pengawas Pemilihan Umum,yes
3,Badan Pengawas Pemilihan Umum (Bawaslu),Komisi Pemilihan Umum,no
4,Badan Pengawas Pemilihan Umum (Bawaslu),Panitia Pemilihan Umum,no
1,Badan Pengawas Tenaga Nuklir (Bapeten),Bapeten,yes
2,Badan Pengawas Tenaga Nuklir (Bapeten),Badan Pengawas Tenaga Nuklir,yes
3,Badan Pengawas Tenaga Nuklir (Bapeten),Badan Tenaga Nuklir Nasional,no
4,Badan Pengawas Tenaga Nuklir (Bapeten),Badan Tenaga Atom Internasional,no
1,Badan Pengawasan Keuangan Dan Pembangunan (BPKP),BPKP,yes
2,Badan Pengawasan Keuangan Dan Pembangunan (BPKP),Perwakilan BPKP Provinsi Sulawesi Barat,yes
3,Badan Pengawasan Keuangan Dan Pembangunan (BPKP),Badan Pengelola Keuangan Haji (BPKH),no
4,Badan Pengawasan Keuangan Dan Pembangunan (BPKP),Badan Pengawasan Mahkamah Agung,no
1,Badan Pengkajian Dan Penerapan Teknologi (BPPT),BPPT,yes
2,Badan Pengkajian Dan Penerapan Teknologi (BPPT),Perwakilan BPPT,yes
3,Badan Pengkajian Dan Penerapan Teknologi (BPPT),"Kementerian Pendidikan, Kebudayaan, Riset, dan Teknologi",no
4,Badan Pengkajian Dan Penerapan Teknologi (BPPT),"Badan Pengkajian Kebijakan, Iklim, dan Mutu Industri",no
1,Badan Pengusahaan Kawasan Perdagangan Bebas Dan Pelabuhan Bebas Batam,Badan Pengusahaan Batam (BP Batam),yes
2,Badan Pengusahaan Kawasan Perdagangan Bebas Dan Pelabuhan Bebas Batam,BP Batam,yes
3,Badan Pengusahaan Kawasan Perdagangan Bebas Dan Pelabuhan Bebas Batam,Pemerintah Kota Batam,no
4,Badan Pengusahaan Kawasan Perdagangan Bebas Dan Pelabuhan Bebas Batam,Universitas Batam,no
1,Badan Pusat Statistik (BPS),BPS Provinsi Sulawesi Utara,yes
2,Badan Pusat Statistik (BPS),Badan Pusat Statistik Provinsi Bali,yes
3,Badan Pusat Statistik (BPS),BPSDM,no
4,Badan Pusat Statistik (BPS),Badan Standardisasi Nasional (BSN),no
1,Badan Search And Rescue Nasional (Basarnas),Badan SAR Nasional (Basarnas),yes
2,Badan Search And Rescue Nasional (Basarnas),Badan Nasional Pencarian dan Pertolongan (BNPP),yes
3,Badan Search And Rescue Nasional (Basarnas),Badan Nasional Penanggulangan Bencana,no
4,Badan Search And Rescue Nasional (Basarnas),Badan Standardisasi Nasional (BSN),no
1,Badan Siber dan Sandi Negara (BSSN),BSSN,yes
2,Badan Siber dan Sandi Negara (BSSN),Badan Siber dan Sandi Negara,yes
3,Badan Siber dan Sandi Negara (BSSN),PT Beritakota Media Siber (Beritakota.id),no
4,Badan Siber dan Sandi Negara (BSSN),Universitas Siber Asia,no
1,Badan Standardisasi Nasional (BSN),Badan Standardisasi Nasional,yes
2,Badan Standardisasi Nasional (BSN),BSN,yes
3,Badan Standardisasi Nasional (BSN),Standard Chartered Indonesia,no
4,Badan Standardisasi Nasional (BSN),Badan Search And Rescue Nasional (Basarnas),no
1,Badan Tenaga Nuklir Nasional (BATAN),Badan Tenaga Nuklir Nasional,yes
2,Badan Tenaga Nuklir Nasional (BATAN),BATAN,yes
3,Badan Tenaga Nuklir Nasional (BATAN),Badan Pengawas Tenaga Nuklir,no
4,Badan Tenaga Nuklir Nasional (BATAN),Badan Standardisasi Nasional (BSN),no
1,Dewan Ketahanan Nasional (Wantannas),Dewan Ketahanan Nasional,yes
2,Dewan Ketahanan Nasional (Wantannas),Wantannas,yes
3,Dewan Ketahanan Nasional (Wantannas),Lembaga Ketahanan Nasional (Lemhannas),no
4,Dewan Ketahanan Nasional (Wantannas),Dewan Nasional Perubahan Iklim,no
1,Kejaksaan Republik Indonesia,Kejaksaan Negeri Kota Kediri,yes
2,Kejaksaan Republik Indonesia,Kejaksaaan Tinggi Provinsi Jawa Tengah,yes
3,Kejaksaan Republik Indonesia,Komisi Kejaksaan Republik Indonesia,no
4,Kejaksaan Republik Indonesia,Kepolisian Negara Republik Indonesia Resor Kota Pontianak,no
1,Kepolisian Negara Republik Indonesia,Kepolisian Negara Republik Indonesia Resor Kota Pontianak,yes
2,Kepolisian Negara Republik Indonesia,Kepolisian Daerah Provinsi DI Yogyakarta,yes
3,Kepolisian Negara Republik Indonesia,Perum Percetakan Negara Republik Indonesia (PNRI),no
4,Kepolisian Negara Republik Indonesia,Ombudsman Republik Indonesia,no
1,Komisi Nasional Hak Asasi Manusia (Komnas HAM),Komisi Nasional HAM,yes
2,Komisi Nasional Hak Asasi Manusia (Komnas HAM),Komnas HAM,yes
3,Komisi Nasional Hak Asasi Manusia (Komnas HAM),Kementerian Hukum dan Hak Asasi Manusia,no
4,Komisi Nasional Hak Asasi Manusia (Komnas HAM),Direktorat Fasilitasi dan Informasi HAM,no
1,Komisi Pemberantasan Korupsi (KPK),Komisi Pemberantasan Korupsi,yes
2,Komisi Pemberantasan Korupsi (KPK),KPK,yes
3,Komisi Pemberantasan Korupsi (KPK),KPKNL,no
4,Komisi Pemberantasan Korupsi (KPK),Komisi Pemilihan Umum,no
1,Komisi Pemilihan Umum (KPU),KPU Kabupaten Memberamo Raya,yes
2,Komisi Pemilihan Umum (KPU),Komisi Pemilihan Umum Kabupaten Fakfak,yes
3,Komisi Pemilihan Umum (KPU),KPU BC Tipe C Soekarno Hatta,no
4,Komisi Pemilihan Umum (KPU),KPU BC Tipe B Batam,no
1,Komisi Pengawas Persaingan Usaha (KPPU),Komisi Pengawas Persaingan Usaha RI,yes
2,Komisi Pengawas Persaingan Usaha (KPPU),KPPU RI,yes
3,Komisi Pengawas Persaingan Usaha (KPPU),Pelaku Usaha di Surabaya,no
4,Komisi Pengawas Persaingan Usaha (KPPU),Komisi Pengawas Advokat,no
1,Lembaga Administrasi Negara (LAN),Lembaga Administrasi Negara,yes
2,Lembaga Administrasi Negara (LAN),LAN RI,yes
3,Lembaga Administrasi Negara (LAN),Jurusan Administrasi Negara,no
4,Lembaga Administrasi Negara (LAN),Sekolah Tinggi Ilmu Administrasi Lembaga Administrasi Negara,no
1,Lembaga Ilmu Pengetahuan Indonesia (LIPI),Lembaga Ilmu Pengetahuan Indonesia,yes
2,Lembaga Ilmu Pengetahuan Indonesia (LIPI),Perwakilan Lembaga Ilmu Pengetahuan Indonesia,yes
3,Lembaga Ilmu Pengetahuan Indonesia (LIPI),Lembaga Pembiayaan Ekspor Indonesia,no
4,Lembaga Ilmu Pengetahuan Indonesia (LIPI),Akademi Ilmu Pengetahuan Indonesia,no
1,Lembaga Kebijakan Pengadaan Barang/Jasa Pemerintah (LKPP),Lembaga Kebijakan Pengadaan Barang/Jasa Pemerintah,yes
2,Lembaga Kebijakan Pengadaan Barang/Jasa Pemerintah (LKPP),LKPP RI,yes
3,Lembaga Kebijakan Pengadaan Barang/Jasa Pemerintah (LKPP),PT Jasa Raharja (Persero),no
4,Lembaga Kebijakan Pengadaan Barang/Jasa Pemerintah (LKPP),Lembaga Sertifikasi Profesi Pengadaan Indonesia,no
1,Lembaga Ketahanan Nasional (Lemhanas),Lembaga Ketahanan Nasional,yes
2,Lembaga Ketahanan Nasional (Lemhanas),Lemhannas RI,yes
3,Lembaga Ketahanan Nasional (Lemhanas),Dewan Ketahanan Nasional (Wantannas),no
4,Lembaga Ketahanan Nasional (Lemhanas),Lembaga Penerbangan Dan Antariksa Nasional (Lapan),no
1,Lembaga Penerbangan Dan Antariksa Nasional (Lapan),Lembaga Penerbangan dan Antariksa Nasional,yes
2,Lembaga Penerbangan Dan Antariksa Nasional (Lapan),Lapan,yes
3,Lembaga Penerbangan Dan Antariksa Nasional (Lapan),Perum Lembaga Penyelenggara Pelayanan Navigasi Penerbangan Indonesia (LPPNPI),no
4,Lembaga Penerbangan Dan Antariksa Nasional (Lapan),Lembaga Ketahanan Nasional (Lemhanas),no
1,Lembaga Penyiaran Publik TVRI,LPP TVRI,yes
2,Lembaga Penyiaran Publik TVRI,Lembaga Penyiaran Publik,yes
3,Lembaga Penyiaran Publik TVRI,Komisi Penyiaran Indonesia,no
4,Lembaga Penyiaran Publik TVRI,Penyiaran Multimedia Vokasi,no
1,Ombudsman Republik Indonesia (ORI),Ombudsman Republik Indonesia,yes
2,Ombudsman Republik Indonesia (ORI),Ombudsman RI,yes
3,Ombudsman Republik Indonesia (ORI),Perpustakaan Nasional Republik Indonesia,no
4,Ombudsman Republik Indonesia (ORI),Ombudsman Malaysia,no
1,Perpustakaan Nasional Republik Indonesia (Perpusnas),Perpustakaan Nasional RI,yes
2,Perpustakaan Nasional Republik Indonesia (Perpusnas),Perpustakaan Nasional Republik Indonesia,yes
3,Perpustakaan Nasional Republik Indonesia (Perpusnas),Dinas Perpustakaan,no
4,Perpustakaan Nasional Republik Indonesia (Perpusnas),Perpustakaan Jakarta Cikini,no
1,Pusat Pelaporan Dan Analisis Transaksi Keuangan (PPATK),Pusat Pelaporan Dan Analisis Transaksi Keuangan,yes
2,Pusat Pelaporan Dan Analisis Transaksi Keuangan (PPATK),PPATK,yes
3,Pusat Pelaporan Dan Analisis Transaksi Keuangan (PPATK),Pusat Analisis dan Harmonisasi Kebijakan,no
4,Pusat Pelaporan Dan Analisis Transaksi Keuangan (PPATK),Pusat Pelaporan dan Pembinaan Keuangan Kemhan RI,no
1,Sekretariat Kabinet,Sekretariat Kabinet Republik Indonesia,yes
2,Sekretariat Kabinet,Setkab,yes
3,Sekretariat Kabinet,Sekretariat Daerah Kabupaten Klaten,no
4,Sekretariat Kabinet,Sekretariat Direktorat Jenderal Pajak,no
1,Arsip Nasional Republik Indonesia (ANRI),ANRI,yes
2,Arsip Nasional Republik Indonesia (ANRI),Arsip Nasional RI,yes
3,Arsip Nasional Republik Indonesia (ANRI),Perpustakaan Nasional Republik Indonesia,no
4,Arsip Nasional Republik Indonesia (ANRI),Dinas Arsip dan Perpustakaan,no
1,Tentara Nasional Indonesia (TNI),TNI Angkatan Udara,yes
2,Tentara Nasional Indonesia (TNI),Inspektorat Jenderal TNI,yes
3,Tentara Nasional Indonesia (TNI),PT Pelayaran Nasional Indonesia (Persero) (Pelni),no
4,Tentara Nasional Indonesia (TNI),Komite Olahraga Nasional Indonesia,no
1,Komisi Aparatur Sipil Negara (KASN),KASN RI,yes
2,Komisi Aparatur Sipil Negara (KASN),Komisi Aparatur Sipil Negara RI,yes
3,Komisi Aparatur Sipil Negara (KASN),Kementerian Pendayagunaan Aparatur Negara dan Reformasi Birokrasi (Kem PANRB),no
4,Komisi Aparatur Sipil Negara (KASN),Deputi Bidang Kebijakan Pengembangan Kompetensi Aparatur Sipil Negara,no
1,Badan Nasional Sertifikasi Profesi (BNSP),BNSP Republik Indonesia,yes
2,Badan Nasional Sertifikasi Profesi (BNSP),Badan Nasional Sertifikasi Profesi Republik Indonesia,yes
3,Badan Nasional Sertifikasi Profesi (BNSP),Badan Nasional Penanggulangan Bencana (BNPB),no
4,Badan Nasional Sertifikasi Profesi (BNSP),Badan Nasional Penempatan dan Perlindungan Tenaga Kerja Indonesia (BNP2TKI),no
1,Badan Pengatur Hilir Minyak Dan Gas Bumi (BPH Migas),Badan Pengatur Hilir Minyak dan Gas Bumi,yes
2,Badan Pengatur Hilir Minyak Dan Gas Bumi (BPH Migas),BPH Migas,yes
3,Badan Pengatur Hilir Minyak Dan Gas Bumi (BPH Migas),SKK Migas,no
4,Badan Pengatur Hilir Minyak Dan Gas Bumi (BPH Migas),Satuan Kerja Khusus Pelaksana Kegiatan Usaha Hulu Minyak dan Gas Bumi,no
1,Dewan Pertimbangan Presiden (Wantimpres),Dewan Pertimbangan Presiden Republik Indonesia,yes
2,Dewan Pertimbangan Presiden (Wantimpres),Wantimpres RI,yes
3,Dewan Pertimbangan Presiden (Wantimpres),Dewan Perwakilan Rakyat,no
4,Dewan Pertimbangan Presiden (Wantimpres),Dewan Presiden Subang National Golf Club,no
1,Komisi Kejaksaan Republik Indonesia,KKRI,yes
2,Komisi Kejaksaan Republik Indonesia,Komisi Kejaksaan RI,yes
3,Komisi Kejaksaan Republik Indonesia,Kejaksaan Republik Indonesia,no
4,Komisi Kejaksaan Republik Indonesia,Komisi Kebenaran dan Rekonsiliasi,no
1,Komisi Penyiaran Indonesia (KPI),Komisi Penyiaran Indonesia Pusat,yes
2,Komisi Penyiaran Indonesia (KPI),Komisi Penyiaran Indonesia Daerah,yes
3,Komisi Penyiaran Indonesia (KPI),Lembaga Penyiaran Publik,no
4,Komisi Penyiaran Indonesia (KPI),Komisi Kejaksaan Republik Indonesia,no
1,Lembaga Perlindungan Saksi Dan Korban (LPSK),LPSK RI,yes
2,Lembaga Perlindungan Saksi Dan Korban (LPSK),Lembaga Perlindungan Saksi dan Korban RI,yes
3,Lembaga Perlindungan Saksi Dan Korban (LPSK),Lembaga Perlindungan Konsumen Swadaya Masyarakat,no
4,Lembaga Perlindungan Saksi Dan Korban (LPSK),Lembaga Otoritas Perlindungan Data Pribadi,no
1,Pemerintah Kabupaten Kepulauan Seribu,Pemkab Kepulauan Seribu,yes
2,Pemerintah Kabupaten Kepulauan Seribu,Pemerintah Kab. Kepulauan Seribu,yes
3,Pemerintah Kabupaten Kepulauan Seribu,Pemerintah Kabupaten Kepulauan Yapen,no
4,Pemerintah Kabupaten Kepulauan Seribu,Pemerintah Kabupaten Kepulauan Anambas,no
1,Pemerintah Kota Jakarta Barat,Pemkot Jakarta Barat,yes
2,Pemerintah Kota Jakarta Barat,Pemerintah Kota Adminsitrasi Jakarta Barat,yes
3,Pemerintah Kota Jakarta Barat,Pemerintah Kota Jakarta Timur,no
4,Pemerintah Kota Jakarta Barat,Pemerintah Kota Jakarta Pusat,no
1,Pemerintah Kota Jakarta Pusat,Pemkot Jakarta Pusat,yes
2,Pemerintah Kota Jakarta Pusat,Pemerintah Kota Administrasi Jakarta Pusat,yes
3,Pemerintah Kota Jakarta Pusat,Pemerintah Kota Jakarta Barat,no
4,Pemerintah Kota Jakarta Pusat,Pemerintah Kota Jakarta Timur,no
1,Pemerintah Kota Jakarta Selatan,Pemkot Jakarta Selatan,yes
2,Pemerintah Kota Jakarta Selatan,Pemerintah Kota Administrasi Jakarta Selatan,yes
3,Pemerintah Kota Jakarta Selatan,Pemerintah Kota Jakarta Pusat,no
4,Pemerintah Kota Jakarta Selatan,Pemerintah Kota Jakarta Barat,
1,Pemerintah Kota Jakarta Timur,Pemkot Jakarta Timur,yes
2,Pemerintah Kota Jakarta Timur,Pemerintah Kota Administrasi Jakarta Timur,yes
3,Pemerintah Kota Jakarta Timur,Pemerintah Kota Jakarta Selatan,no
4,Pemerintah Kota Jakarta Timur,Pemerintah Kota Jakarta Pusat,no
1,Pemerintah Kota Jakarta Utara,Pemkot Jakarta Utara,yes
2,Pemerintah Kota Jakarta Utara,Pemerintah Kota Administrasi Jakarta Utara,yes
3,Pemerintah Kota Jakarta Utara,Pemerintah Kota Jakarta Timur,no
4,Pemerintah Kota Jakarta Utara,Pemerintah Kota Jakarta Pusat,no
1,Pemerintah Provinsi DKI Jakarta,Pemprov DKI Jakarta,yes
2,Pemerintah Provinsi DKI Jakarta,Pemerintah Provinsi Daerah Khusus Ibukota Jakarta,yes
3,Pemerintah Provinsi DKI Jakarta,Pemerintah Provinsi Jawa Barat,no
4,Pemerintah Provinsi DKI Jakarta,Pemerintah Provinsi Bali,no
1,Perum Bulog,Perum Bulog Kanwil Kaltim & Kaltara,yes
2,Perum Bulog,Perum Bulog Kabupaten Probolinggo,yes
3,Perum Bulog,Perum Peruri,no
4,Perum Bulog,Perum DAMRI,no
1,Perum DAMRI,Perusahaan Umum DAMRI,yes
2,Perum DAMRI,Perum DAMRI UABK Bandung,yes
3,Perum DAMRI,Perum Bulog,no
4,Perum DAMRI,Perum Peruri,no
1,PT Jaminan Kredit Indonesia (Jamkrindo),PT Jamkrindo,yes
2,PT Jaminan Kredit Indonesia (Jamkrindo),PT Jamkrindo Cabang Bandung,yes
3,PT Jaminan Kredit Indonesia (Jamkrindo),PT Asuransi Kredit Indonesia (Persero),no
4,PT Jaminan Kredit Indonesia (Jamkrindo),PT Kredit Pintar Indonesia,no
1,Perum Jasa Tirta I,Jasa Tirta,yes
2,Perum Jasa Tirta I,Jasa Tirta I,yes
3,Perum Jasa Tirta I,Jasa Tirta II,no
4,Perum Jasa Tirta I,Jasa Tirta 2,no
1,Perum Jasa Tirta II,Jasa Tirta II,yes
2,Perum Jasa Tirta II,Jasa Tirta 2,yes
3,Perum Jasa Tirta II,Jasa Tirta I,no
4,Perum Jasa Tirta II,Jasa Tirta,no
1,Perum Kehutanan Negara (Perhutani),Perum Perhutani KPH Bandung Utara,yes
2,Perum Kehutanan Negara (Perhutani),Perum Perhutani Divisi Regional Jawa Barat dan Banten,yes
3,Perum Kehutanan Negara (Perhutani),Perum Produksi Film Negara (PFN),no
4,Perum Kehutanan Negara (Perhutani),Perum Percetakan Negara ,no 
1,Perum Lembaga Kantor Berita Nasional Antara (LKBN Antara),Lembaga Kantor Berita Nasional Antara Biro Jawa Barat,yes
2,Perum Lembaga Kantor Berita Nasional Antara (LKBN Antara),Perum LKBN Antara,yes
3,Perum Lembaga Kantor Berita Nasional Antara (LKBN Antara),Perum Pembangunan Perumahan Nasional (Perumnas),no
4,Perum Lembaga Kantor Berita Nasional Antara (LKBN Antara),Kantor Perum DAMRI,no
1,Perum Pembangunan Perumahan Nasional (Perumnas),Perusahaan Umum Pembangunan Perumahan Nasional,yes
2,Perum Pembangunan Perumahan Nasional (Perumnas),Perum Perumnas,yes
3,Perum Pembangunan Perumahan Nasional (Perumnas),Perum Lembaga Kantor Berita Nasional Antara (LKBN Antara),no
4,Perum Pembangunan Perumahan Nasional (Perumnas),Konsumen Perumahan Nasional,no
1,Perum Pengangkutan Penumpang Djakarta (PPD),Perum PPD,yes
2,Perum Pengangkutan Penumpang Djakarta (PPD),Perusahaan Umum Pengangkutan Penumpang Djakarta,yes
3,Perum Pengangkutan Penumpang Djakarta (PPD),Pengangkutan Penumpang,no
4,Perum Pengangkutan Penumpang Djakarta (PPD),Dinas Perumahan Rakyat dan Permukiman Provinsi DKI Jakarta,no
1,Perum Percetakan Negara Republik Indonesia (PNRI),Perum PNRI,yes
2,Perum Percetakan Negara Republik Indonesia (PNRI),Perusahaan Umum Percetakan Negara Republik Indonesia,yes
3,Perum Percetakan Negara Republik Indonesia (PNRI),Perum Percetakan Uang Republik Indonesia (Peruri),no
4,Perum Percetakan Negara Republik Indonesia (PNRI),Perum Kehutanan Negara (Perhutani),no
1,Perum Percetakan Uang Republik Indonesia (Peruri),Perum Peruri,yes
2,Perum Percetakan Uang Republik Indonesia (Peruri),Peruri,yes
3,Perum Percetakan Uang Republik Indonesia (Peruri),Perum Percetakan Negara Republik Indonesia (PNRI),no
4,Perum Percetakan Uang Republik Indonesia (Peruri),Perum Perikanan Indonesia,no
1,Perum Produksi Film Negara (PFN),Perum PFN,yes
2,Perum Produksi Film Negara (PFN),Perusahaan Umum Produksi Film Negara,yes
3,Perum Produksi Film Negara (PFN),Perum Kehutanan Negara (Perhutani),no
4,Perum Produksi Film Negara (PFN),Perum Percetakan Negara Republik Indonesia (PNRI),no
1,"PT Adhi Karya (Persero), Tbk.",PT Adhi Karya,yes
2,"PT Adhi Karya (Persero), Tbk.",Adhi Karya,yes
3,"PT Adhi Karya (Persero), Tbk.",PT Amarta Karya (Persero),no
4,"PT Adhi Karya (Persero), Tbk.",PT Karya Solusi Prima Sejahtera,no
1,PT Amarta Karya (Persero),PT AMKA,yes
2,PT Amarta Karya (Persero),Amarta Karya,yes
3,PT Amarta Karya (Persero),PT Adhi Karya (Persero),no
4,PT Amarta Karya (Persero),PT Karya Solusi Prima Sejahtera,no
1,PT Angkasa Pura I (Persero),Angkasa Pura,yes
2,PT Angkasa Pura I (Persero),AP1,yes
3,PT Angkasa Pura I (Persero),Angkasa Pura II,no
4,PT Angkasa Pura I (Persero),Angkasa Pura 2,no
1,PT Angkasa Pura II (Persero),Angkasa Pura 2,yes
2,PT Angkasa Pura II (Persero),AP2,yes
3,PT Angkasa Pura II (Persero),Angkasa Pura,no
4,PT Angkasa Pura II (Persero),PT Angkasa Pura,no
1,PT Asabri,PT Asabri (Persero),yes
2,PT Asabri,Perseta Asabri Pensiunan Polri,yes
3,PT Asabri,PT Amarta Karya (Persero),no
4,PT Asabri,PT Asahimas Flat Glass,no
1,PT Asdp Indonesia Ferry (Persero),PT ASDP Ferry Indonesia,yes
2,PT Asdp Indonesia Ferry (Persero),ASDP,yes
3,PT Asdp Indonesia Ferry (Persero),PT Asuransi Jasa Indonesia (Persero),no
4,PT Asdp Indonesia Ferry (Persero),PT Ferry Sonneville,no
1,PT Asuransi Jasa Indonesia (Persero),Asuransi Jasindo,yes
2,PT Asuransi Jasa Indonesia (Persero),Asuransi Jasa Indonesia,yes
3,PT Asuransi Jasa Indonesia (Persero),PT Asuransi Jasa Raharja (Persero),no
4,PT Asuransi Jasa Indonesia (Persero),PT Asuransi Jiwasraya (Persero),no
1,PT Asuransi Jiwasraya (Persero),Asuransi Jiwasraya,yes
2,PT Asuransi Jiwasraya (Persero),Jiwasraya,yes
3,PT Asuransi Jiwasraya (Persero),PT Asuransi Jasa Indonesia (Persero),no
4,PT Asuransi Jiwasraya (Persero),PT Asuransi Kredit Indonesia (Persero),no
1,PT Asuransi Kredit Indonesia (Persero),Askrindo,yes
2,PT Asuransi Kredit Indonesia (Persero),PT Askrindo,yes
3,PT Asuransi Kredit Indonesia (Persero),PT Asuransi Jasa Indonesia (Persero),no
4,PT Asuransi Kredit Indonesia (Persero),PT Asuransi Jiwasraya (Persero),no
1,PT Bahana Pembinaan Usaha Indonesia (Persero),Indonesia Financial Group (IFG),yes
2,PT Bahana Pembinaan Usaha Indonesia (Persero),BPUI,yes
3,PT Bahana Pembinaan Usaha Indonesia (Persero),PT Bahana Sekuritas,no
4,PT Bahana Pembinaan Usaha Indonesia (Persero),PT Bahana Selaras,no
1,"PT Bank Mandiri (Persero), Tbk.",Bank Mandiri,yes
2,"PT Bank Mandiri (Persero), Tbk.",Bank Mandiri Cihampelas,yes
3,"PT Bank Mandiri (Persero), Tbk.",PT Sentral Utama Teknikal Mandiri,no
4,"PT Bank Mandiri (Persero), Tbk.",PT Bank Central Asia Tbk,no
1,"PT Bank Negara Indonesia (Persero), Tbk. (BNI)",Bank BNI Kantor Cabang Karawang,yes
2,"PT Bank Negara Indonesia (Persero), Tbk. (BNI)",BNI 46,yes
3,"PT Bank Negara Indonesia (Persero), Tbk. (BNI)",Bank Rakyat Indonesia,no
4,"PT Bank Negara Indonesia (Persero), Tbk. (BNI)",Bank Tabungan Negara,no
1,"PT Bank Rakyat Indonesia (Persero), Tbk. (BRI)",Bank Rakyat Indonesia Cabang Sintang,yes
2,"PT Bank Rakyat Indonesia (Persero), Tbk. (BRI)",Bank BRI Unit Prambanan,yes
3,"PT Bank Rakyat Indonesia (Persero), Tbk. (BRI)",Bank Negara Indonesia,no
4,"PT Bank Rakyat Indonesia (Persero), Tbk. (BRI)",Bank Indonesia,no
1,PT Bank Tabungan Negara (Persero) (BTN),Bank BTN Jayapura,yes
2,PT Bank Tabungan Negara (Persero) (BTN),BTN Pluit,yes
3,PT Bank Tabungan Negara (Persero) (BTN),Bank Negara Indonesia,no
4,PT Bank Tabungan Negara (Persero) (BTN),PT Bank Tabungan Pensiunan Nasional,no
1,PT Barata Indonesia (Persero),Barata Indonesia,yes
2,PT Barata Indonesia (Persero),PT Barata Indonesia,yes
3,PT Barata Indonesia (Persero),PT Bank Rakyat Indonesia,no
4,PT Barata Indonesia (Persero),PT Barata Guna Perkasa,no
1,PT Berdikari (Persero),Berdikari,yes
2,PT Berdikari (Persero),PT Berdikari,yes
3,PT Berdikari (Persero),PT Bio Farma,no
4,PT Berdikari (Persero),PT Bersama Zatta Jaya,no
1,PT Bhanda Ghara Reksa (Persero),PT BGR Logistik Indonesia,yes
2,PT Bhanda Ghara Reksa (Persero),BGR,yes
3,PT Bhanda Ghara Reksa (Persero),PT Danareksa (Persero),no
4,PT Bhanda Ghara Reksa (Persero),PT Bhakti Multi Artha Tbk,no
1,PT Bina Karya (Persero),Bina Karya,yes
2,PT Bina Karya (Persero),Bina Karya Persero,yes
3,PT Bina Karya (Persero),SMK S SWA Bina Karya,no
4,PT Bina Karya (Persero),PT Bina Karya Prima,no
1,PT Bio Farma,PT Bio Farma Bandung,yes
2,PT Bio Farma,Bio Farma,yes
3,PT Bio Farma,PT Kimia Farma,no
4,PT Bio Farma,PT Farma Sevaka Nusantara,no
1,PT Biro Klasifikasi Indonesia (Persero),BKI,yes
2,PT Biro Klasifikasi Indonesia (Persero),PT Biro Klasifikasi Indonesia (Persero) Cabang Cirebon,yes
3,PT Biro Klasifikasi Indonesia (Persero),Biro Perencanaan DPR RI,no
4,PT Biro Klasifikasi Indonesia (Persero),PT Biro Teknik Sinar Baru,no
1,PT Boma Bisma Indra (Persero),BBI,yes
2,PT Boma Bisma Indra (Persero),PT Boma Bisma Indra (Persero) Cabang Jakarta,yes
3,PT Boma Bisma Indra (Persero),PT Boma Tirta Prima,no
4,PT Boma Bisma Indra (Persero),PT Bisma Putra Persada,no
1,PT Brantas Abipraya (Persero),Brantas Abipraya,yes
2,PT Brantas Abipraya (Persero),Kantor Pusat PT Brantas Abipraya (Persero),yes
3,PT Brantas Abipraya (Persero),Kereta api Brantas,no
4,PT Brantas Abipraya (Persero),PT Abishar Technologies Indonesia,no
1,PT Dahana (Persero),Dahana,yes
2,PT Dahana (Persero),PT Dahana Subang,yes
3,PT Dahana (Persero),Gor Dahana,no
4,PT Dahana (Persero),PT Dahana Berlian Motor,no
1,PT Dana Tabungan Dan Asuransi Pegawai Negeri / Taspen (Persero),PT Taspen (Persero),yes
2,PT Dana Tabungan Dan Asuransi Pegawai Negeri / Taspen (Persero),PT Taspen KC Bengkulu,yes
3,PT Dana Tabungan Dan Asuransi Pegawai Negeri / Taspen (Persero),Bank Mandiri Taspen,no
4,PT Dana Tabungan Dan Asuransi Pegawai Negeri / Taspen (Persero),Bank Tabungan Pensiunan Nasional,no
1,PT Danareksa (Persero),Danareksa,yes
2,PT Danareksa (Persero),PT Danareksa,yes
3,PT Danareksa (Persero),PT Bhanda Ghara Reksa (Persero),no
4,PT Danareksa (Persero),Bareksa,no
1,PT Dirgantara Indonesia (Persero),PTDI,yes
2,PT Dirgantara Indonesia (Persero),PT Dirgantara Indonesia,yes
3,PT Dirgantara Indonesia (Persero),PT Dirgantara Yudha Artha,no
4,PT Dirgantara Indonesia (Persero),PT Garuda Indonesia,no
1,PT Djakarta Lloyd (Persero),Djakarta Lloyd,yes
2,PT Djakarta Lloyd (Persero),PT Djakarta Lloyd,yes
3,PT Djakarta Lloyd (Persero),Perum Pengangkutan Penumpang Djakarta (PPD),no
4,PT Djakarta Lloyd (Persero),PT Jakarta Propertindo,no
1,"PT Garuda Indonesia (Persero), Tbk.",Garuda Indonesia,yes
2,"PT Garuda Indonesia (Persero), Tbk.",PT Garuda Indonesia,yes
3,"PT Garuda Indonesia (Persero), Tbk.",PT Garuda Metalindo,no
4,"PT Garuda Indonesia (Persero), Tbk.",PT Garuda Mart Indonesia,no
1,PT Dok Dan Perkapalan Kodja Bahari (Persero),PT DKB,yes
2,PT Dok Dan Perkapalan Kodja Bahari (Persero),Dok dan Perkapalan Kodja Bahari,yes
3,PT Dok Dan Perkapalan Kodja Bahari (Persero),PT Dok dan Perkapalan Surabaya (Persero),no
4,PT Dok Dan Perkapalan Kodja Bahari (Persero),PT Bahari Eka Nusantara,no
1,PT Energy Management Indonesia,Emipersero,yes
2,PT Energy Management Indonesia,PT EMI,yes
3,PT Energy Management Indonesia,Indonesia Energy Corporation,no
4,PT Energy Management Indonesia,PT Indika Energy,no
1,PT Garam,Garam,yes
2,PT Garam,PT Garam (Persero),yes
3,PT Garam,PT Gudang Garam Tbk,no
4,PT Garam,PT Garam Nusantara Lestari,no
1,PT Geodipa Energi,Geo Dipa Energi,yes
2,PT Geodipa Energi,PT Geo Dipa Energi (Persero),yes
3,PT Geodipa Energi,Geo Energy Group,no
4,PT Geodipa Energi,PT Geotekindo,no
1,PT Hotel Indonesia Natour (Persero),PT HIN,yes
2,PT Hotel Indonesia Natour (Persero),Inna Hotels and Resorts,yes
3,PT Hotel Indonesia Natour (Persero),Hotel Indonesia Kempinski Jakarta,no
4,PT Hotel Indonesia Natour (Persero),Hotel Indonesia,no
1,PT Hutama Karya (Persero),Hutama Karya,yes
2,PT Hutama Karya (Persero),HK,yes
3,PT Hutama Karya (Persero),PT Karya Utamaputra Mandiri,no
4,PT Hutama Karya (Persero),PT Karya Putra Nusantara Perkasa,no
1,PT Indah Karya (Persero),Indah Karya,yes
2,PT Indah Karya (Persero),PT Indah Karya,yes
3,PT Indah Karya (Persero),PT Indra Karya (Persero),no
4,PT Indah Karya (Persero),PT Hutama Karya,no
1,PT Indonesia Asahan Alumunium (Inalum),PT Inalum,yes
2,PT Indonesia Asahan Alumunium (Inalum),PT Indonesia Asahan Aluminium (Persero),yes
3,PT Indonesia Asahan Alumunium (Inalum),PT Daiki Aluminium Industry Indonesia,no
4,PT Indonesia Asahan Alumunium (Inalum),PT Aluminium Karya Abadi,no
1,PT Indra Karya (Persero),Indra Karya,yes
2,PT Indra Karya (Persero),PT Indra Karya,yes
3,PT Indra Karya (Persero),PT Indah Karya (Persero),no
4,PT Indra Karya (Persero),PT Hutama Karya (Persero),no
1,PT Industri Kapal Indonesia (Persero),PT IKI (Persero),yes
2,PT Industri Kapal Indonesia (Persero),Industri Kapal Indonesia,yes
3,PT Industri Kapal Indonesia (Persero),PT Industri Kereta Api (Persero),no
4,PT Industri Kapal Indonesia (Persero),PT Industri Nuklir Indonesia (Persero),no
1,PT Industri Nuklir Indonesia (Persero),PT INUKI (Persero),yes
2,PT Industri Nuklir Indonesia (Persero),Industri Nuklir Indonesia,yes
3,PT Industri Nuklir Indonesia (Persero),PT Industri Kapal Indonesia (Persero),no
4,PT Industri Nuklir Indonesia (Persero),PT Industri Baterai Indonesia,no
1,PT Industri Sandang Nusantara (Persero),PT ISN (Persero),yes
2,PT Industri Sandang Nusantara (Persero),Industri Sandang Nusantara,yes
3,PT Industri Sandang Nusantara (Persero),PT Bio Industri Nusantara,no
4,PT Industri Sandang Nusantara (Persero),PT Industri Nusantara Sejahtera Abadi,no
1,PT Industri Telekomunikasi Indonesia (Persero),PT INTI (Persero),yes
2,PT Industri Telekomunikasi Indonesia (Persero),INTI,yes
3,PT Industri Telekomunikasi Indonesia (Persero),PT Industri Nuklir Indonesia (Persero),no
4,PT Industri Telekomunikasi Indonesia (Persero),PT Industri Kapal Indonesia (Persero),no
1,PT Istaka Karya (Persero),Istaka Karya,yes
2,PT Istaka Karya (Persero),PT Istaka Karya,yes
3,PT Istaka Karya (Persero),PT Indra Karya (Persero),no
4,PT Istaka Karya (Persero),PT Indah Karya (Persero),no
1,PT Jakarta Industrial Estate Pulogadung,Jiep Ecogreen,yes
2,PT Jakarta Industrial Estate Pulogadung,PT JIEP,yes
3,PT Jakarta Industrial Estate Pulogadung,Balai Diklat Industri Jakarta,no
4,PT Jakarta Industrial Estate Pulogadung,Hotel Orchardz Industri Jakarta,no
1,"PT Jasa Marga (Persero), Tbk.",Jasa Marga,yes
2,"PT Jasa Marga (Persero), Tbk.",PT Jasa Marga Cabang Purbaleunyi,yes
3,"PT Jasa Marga (Persero), Tbk.",PT Jasa Raharja (Persero),no
4,"PT Jasa Marga (Persero), Tbk.",PT Jasa Sarana,no
1,PT Jasa Raharja (Persero),Jasa Raharja,yes
2,PT Jasa Raharja (Persero),Jasa Raharja Bandung,yes
3,PT Jasa Raharja (Persero),"PT Jasa Marga (Persero), Tbk.",no
4,PT Jasa Raharja (Persero),PT Jasa Sarana,no
1,PT Kawasan Berikat Nusantara (Persero),PT KBN,yes
2,PT Kawasan Berikat Nusantara (Persero),Kawasan Berikat Nusantara,yes
3,PT Kawasan Berikat Nusantara (Persero),PT Kawasan Industri Wijayakusuma (Persero),no
4,PT Kawasan Berikat Nusantara (Persero),PT Nusantara Laju Bersama,no
1,PT Kawasan Industri Wijayakusuma (Persero),PT KIW,yes
2,PT Kawasan Industri Wijayakusuma (Persero),Kawasan Industri Wijayakusuma,yes
3,PT Kawasan Industri Wijayakusuma (Persero),PT Kawasan Berikat Nusantara (Persero),no
4,PT Kawasan Industri Wijayakusuma (Persero),PT Industri Telekomunikasi Indonesia,no
1,PT Kimia Farma,Kimia Farma,yes
2,PT Kimia Farma,PT Kimia Farma Tbk,yes
3,PT Kimia Farma,PT Indofarma,no
4,PT Kimia Farma,PT Bio Farma,no
1,PT Kliring Berjangka Indonesia (Persero),PT KBI,yes
2,PT Kliring Berjangka Indonesia (Persero),Kliring Berjangka Indonesia,yes
3,PT Kliring Berjangka Indonesia (Persero),PT Solid Gold Berjangka,no
4,PT Kliring Berjangka Indonesia (Persero),PT Kliring Penjaminan Efek Indonesia,no
1,PT Krakatau Steel (Persero) Tbk.,Krakatau Steel,yes
2,PT Krakatau Steel (Persero) Tbk.,PT Krakatau Steel,yes
3,PT Krakatau Steel (Persero) Tbk.,PT Steel Pipe Industry of Indonesia Tbk,no
4,PT Krakatau Steel (Persero) Tbk.,PT Steel Center Indonesia,no
1,PT Len Industri (Persero),Len Industri,yes
2,PT Len Industri (Persero),Len,yes
3,PT Len Industri (Persero),PT Industri Kapal Indonesia (Persero),no
4,PT Len Industri (Persero),PT Lentera Dana Nusantara,no
1,PT PAL Indonesia (Persero),PAL Indonesia,yes
2,PT PAL Indonesia (Persero),PT PAL,yes
3,PT PAL Indonesia (Persero),PT Kliring Berjangka Indonesia (Persero),no
4,PT PAL Indonesia (Persero),PT Palma Serasih,no
1,PT PANN Pembiayaan Maritim (Persero),PT PANN,yes
2,PT PANN Pembiayaan Maritim (Persero),PANN Pembiayaan Maritim,yes
3,PT PANN Pembiayaan Maritim (Persero),PT Maritim Barito Perkasa,no
4,PT PANN Pembiayaan Maritim (Persero),PT Pembiayaan Digital Indonesia,no
1,PT Pegadaian (Persero),Pegadaian,yes
2,PT Pegadaian (Persero),PT Pegadaian Area Samarinda,yes
3,PT Pegadaian (Persero),PT Len Industri (Persero),no
4,PT Pegadaian (Persero),PT Pegasus Honor Indonesia,no
1,PT Pelabuhan Indonesia I (Persero),Pelindo I,yes
2,PT Pelabuhan Indonesia I (Persero),Pelabuhan Indonesia,yes
3,PT Pelabuhan Indonesia I (Persero),PT Pelabuhan Indonesia II,no
4,PT Pelabuhan Indonesia I (Persero),Pelabuhan Indonesia II,no
1,PT Pelabuhan Indonesia II (Persero),Pelindo II,yes
2,PT Pelabuhan Indonesia II (Persero),Pelabuhan Indonesia II,yes
3,PT Pelabuhan Indonesia II (Persero),Pelabuhan Indonesia,no
4,PT Pelabuhan Indonesia II (Persero),Pelindo,no
1,PT Pelabuhan Indonesia III (Persero),Pelabuhan Indonesia III,yes
2,PT Pelabuhan Indonesia III (Persero),Pelindo III,yes
3,PT Pelabuhan Indonesia III (Persero),Pelabuhan Indonesia II,no
4,PT Pelabuhan Indonesia III (Persero),Pelindo,no
1,PT Pelabuhan Indonesia IV (Persero),Pelabuhan Indonesia IV,yes
2,PT Pelabuhan Indonesia IV (Persero),Pelindo IV,yes
3,PT Pelabuhan Indonesia IV (Persero),PT Pelabuhan Indonesia I,no
4,PT Pelabuhan Indonesia IV (Persero),Pelindo,no
1,PT Pelayaran Nasional Indonesia (Persero) (Pelni),Pelayaran Nasional Indonesia,yes
2,PT Pelayaran Nasional Indonesia (Persero) (Pelni),PT PELNI,yes
3,PT Pelayaran Nasional Indonesia (Persero) (Pelni),PT Pelayaran Nasional Ekalya Purnamasari Tbk,no
4,PT Pelayaran Nasional Indonesia (Persero) (Pelni),PT Pelayaran Bahtera Adhiguna,no
1,PT Pembangunan Perumahan (Persero),PT PP,yes
2,PT Pembangunan Perumahan (Persero),Pembangunan Perumahan,yes
3,PT Pembangunan Perumahan (Persero),PT Pembangunan Jaya,no
4,PT Pembangunan Perumahan (Persero),PT Pembangunan Jaya Ancol,no
1,PT Penerbitan Dan Percetakan Balai Pustaka (Persero),PT Balai Pustaka,yes
2,PT Penerbitan Dan Percetakan Balai Pustaka (Persero),Balai Pustaka,yes
3,PT Penerbitan Dan Percetakan Balai Pustaka (Persero),Penerbit dan Percetakan Mediatama,no
4,PT Penerbitan Dan Percetakan Balai Pustaka (Persero),PT Percetakan Gramedia Cikarang,no
1,PT Pengembangan Pariwisata Indonesia (Persero),ITDC,yes
2,PT Pengembangan Pariwisata Indonesia (Persero),Pengembangan Pariwisata Indonesia,yes
3,PT Pengembangan Pariwisata Indonesia (Persero),Kementerian Pariwisata dan Ekonomi Kreatif Republik Indonesia,no
4,PT Pengembangan Pariwisata Indonesia (Persero),PT Pengembangan Investasi Riau,no
1,PT Pengusahaan Daerah Industri Pulau Batam (Persero),PT PDI Batam,yes
2,PT Pengusahaan Daerah Industri Pulau Batam (Persero),PT Persero Batam,yes
3,PT Pengusahaan Daerah Industri Pulau Batam (Persero),Pemerintah Kota Batam,no
4,PT Pengusahaan Daerah Industri Pulau Batam (Persero),PT Kawasan Industri Jababeka Tbk,no
1,PT Penjaminan Infrastruktur Indonesia (Persero),PT PII,yes
2,PT Penjaminan Infrastruktur Indonesia (Persero),PT PII Persero,yes
3,PT Penjaminan Infrastruktur Indonesia (Persero),PT Penjaminan Jamkrindo Syariah,no
4,PT Penjaminan Infrastruktur Indonesia (Persero),PT Infrastruktur Bisnis Sejahtera,no
1,PT Perikanan Nusantara,PT Perinus,yes
2,PT Perikanan Nusantara,PT Perinus (Persero),yes
3,PT Perikanan Nusantara,PT Perkebunan Nusantara III,no
4,PT Perikanan Nusantara,PT Nusantara Compnet Integrator,no
1,PT Perkebunan Nusantara III,PT. Perkebunan Nusantara III (Persero),yes
2,PT Perkebunan Nusantara III,PTPN III,yes
3,PT Perkebunan Nusantara III,PT Perkebunan Nusantara IV,no
4,PT Perkebunan Nusantara III,PT Perikanan Nusantara,no
1,PT Permodalan Nasional Madani (Persero),PT PNM,yes
2,PT Permodalan Nasional Madani (Persero),PT PNM (Persero),yes
3,PT Permodalan Nasional Madani (Persero),Pemodalan Nasional Berhad,no
4,PT Permodalan Nasional Madani (Persero),PT Media Solusi Internasional,no
1,PT Pertamina (Persero),Pertamina,yes
2,PT Pertamina (Persero),PT Pertamina,yes
3,PT Pertamina (Persero),PT Pertani,no
4,PT Pertamina (Persero),Pertamini,no
1,PT Pertani (Persero),Pertani,yes
2,PT Pertani (Persero),PT Pertani,yes
3,PT Pertani (Persero),PT Pertamina,no
4,PT Pertani (Persero),PT Tani Hub Indonesia,no
1,PT Perusahaan Gas Negara (Persero) Tbk,PGN,yes
2,PT Perusahaan Gas Negara (Persero) Tbk,Perusahaan Gas Negara,yes
3,PT Perusahaan Gas Negara (Persero) Tbk,PT Perusahaan Listrik Negara (Persero) (PLN),no
4,PT Perusahaan Gas Negara (Persero) Tbk,PT Pertamina Gas Negara Tbk,no
1,PT Perusahaan Listrik Negara (Persero) (PLN),PLN,yes
2,PT Perusahaan Listrik Negara (Persero) (PLN),Perusahaan Listrik Negara,yes
3,PT Perusahaan Listrik Negara (Persero) (PLN),PT Perusahaan Gas Negara (Persero) Tbk,no
4,PT Perusahaan Listrik Negara (Persero) (PLN),PT Perusahaan Pengelola Aset (Persero),no
1,PT Perusahaan Pengelola Aset (Persero),PT PPA,yes
2,PT Perusahaan Pengelola Aset (Persero),Perusahaan Pengelola Aset,yes
3,PT Perusahaan Pengelola Aset (Persero),Perusahaan Pengurusan Jasa Kepabeanan,no
4,PT Perusahaan Pengelola Aset (Persero),PT Aset Digital Berkat,no
1,PT Perusahaan Perdagangan Indonesia,PT PPI,yes
2,PT Perusahaan Perdagangan Indonesia,Perusahaan Perdagangan Indonesia,yes
3,PT Perusahaan Perdagangan Indonesia,Kementerian Perdagangan Republik Indonesia,no
4,PT Perusahaan Perdagangan Indonesia,PT Perdagangan Mistico Indonesia,no
1,PT Pindad (Persero),Pindad,yes
2,PT Pindad (Persero),PT Pindad,yes
3,PT Pindad (Persero),PT PAL,no
4,PT Pindad (Persero),PT Pinus Merah Abadi,no
1,PT Pos Indonesia (Persero),Pos Indonesia,yes
2,PT Pos Indonesia (Persero),PT Pos Indonesia KC Cirebon,yes
3,PT Pos Indonesia (Persero),PT Pos Properti Indonesia,no
4,PT Pos Indonesia (Persero),PT Posco Indonesia,no
1,PT Pupuk Indonesia Holding Company,Pupuk Indonesia,yes
2,PT Pupuk Indonesia Holding Company,PT Pupuk Indonesia (Persero),yes
3,PT Pupuk Indonesia Holding Company,Distributor Pupuk Bersubsidi,no
4,PT Pupuk Indonesia Holding Company,Indonesia Holding Company,no
1,PT Rajawali Nusantara Indonesia,PT Rajawali Nusindo,yes
2,PT Rajawali Nusantara Indonesia,ID FOOD,yes
3,PT Rajawali Nusantara Indonesia,PT Rajawali Citra Televisi Indonesia,no
4,PT Rajawali Nusantara Indonesia,PT Nusantara Laju Bersama,no
1,PT Reasuransi Indonesia Utama (Persero),Indonesia Re,yes
2,PT Reasuransi Indonesia Utama (Persero),Reasuransi Indonesia Utama,yes
3,PT Reasuransi Indonesia Utama (Persero),PT Indonesia Utama Abadi,no
4,PT Reasuransi Indonesia Utama (Persero),PT Reasuransi Nasional Indonesia,no
1,PT Sang Hyang Seri,SHS,yes
2,PT Sang Hyang Seri,PT Sang Hyang Seri Cabang Sidrap,yes
3,PT Sang Hyang Seri,Sanghyang Heuleut,no
4,PT Sang Hyang Seri,PT Sang Byte Indonesia,no
1,PT Sarana Multi Infrastruktur (Persero) (PT SMI),PT SMI,yes
2,PT Sarana Multi Infrastruktur (Persero) (PT SMI),Sarana Multi Infrastruktur,yes
3,PT Sarana Multi Infrastruktur (Persero) (PT SMI),PT Sarana Multigriya Finansial (Persero),no
4,PT Sarana Multi Infrastruktur (Persero) (PT SMI),PT Multi Wahana Kencana,no
1,PT Sarinah (Persero),Sarinah,yes
2,PT Sarinah (Persero),PT Sarinah,yes
3,PT Sarinah (Persero),PT Sariguna Primatirta,no
4,PT Sarinah (Persero),PT Sarimelati Kencana,no
1,PT Semen Baturaja (Persero),PT Semen Baturaja,yes
2,PT Semen Baturaja (Persero),Semen Baturaja,yes
3,PT Semen Baturaja (Persero),PT Semen Indonesia (Persero),no
4,PT Semen Baturaja (Persero),PT Semen Padang,no
1,"PT Semen Indonesia (Persero), Tbk.",PT Semen Indonesia,yes
2,"PT Semen Indonesia (Persero), Tbk.",Semen Indonesia,yes
3,"PT Semen Indonesia (Persero), Tbk.",PT Semen Baturaja (Persero),no
4,"PT Semen Indonesia (Persero), Tbk.",PT Tambang Semen Sukabumi,no
1,PT Sucofindo,PT Superintending Company of Indonesia,yes
2,PT Sucofindo,Sucofindo,yes
3,PT Sucofindo,PT Sucorinvest Asset Management,no
4,PT Sucofindo,PT Sucor Sekuritas,no
1,PT Surveyor Indonesia (Persero),Surveyor Indonesia,yes
2,PT Surveyor Indonesia (Persero),PTSI,yes
3,PT Surveyor Indonesia (Persero),PT Semen Indonesia (Persero),no
4,PT Surveyor Indonesia (Persero),PT Frasta Survey Indonesia,no
1,"PT Taman Wisata Candi Borobudur, Prambanan, Dan Ratu Boko (Persero)",PT TWC,yes
2,"PT Taman Wisata Candi Borobudur, Prambanan, Dan Ratu Boko (Persero)",PT Taman Wisata Candi,yes
3,"PT Taman Wisata Candi Borobudur, Prambanan, Dan Ratu Boko (Persero)",Taman Wisata Bougenville,no
4,"PT Taman Wisata Candi Borobudur, Prambanan, Dan Ratu Boko (Persero)",Taman Wisata Alam Sevillage,no
1,PT Varuna Tirta Prakasya (Persero),PT VTP,yes
2,PT Varuna Tirta Prakasya (Persero),Varuna Tirta Prakasya,yes
3,PT Varuna Tirta Prakasya (Persero),PT Varuna Artha Nugraha,no
4,PT Varuna Tirta Prakasya (Persero),PT Tirta Investama,no